title,Predicted_result,rotten_rate,predicted_income
A,2,Top Hit,2387.997028047653
B,2,Top Hit,68.2143964412795
C,0,Flop,771.3323431113948
D,0,Flop,15749.819133936944
E,0,Flop,622.5620996755591
F,0,Flop,639.6129306159867
G,0,Flop,902.1505204807396
H,0,Flop,29885.492897836775
I,2,Top Hit,889.9546136219942
