title,Predicted_result,rotten_rate,predicted_income
A,2,Top Hit,2545.1937245085687
B,2,Top Hit,692.9713987809358
C,0,Flop,4017.2460996588457
D,0,Flop,18559.492859119062
E,0,Flop,0.01814807386995884
F,0,Flop,58948.2886641058
G,0,Flop,59460.051237034124
H,0,Flop,144.0086316493262
I,2,Top Hit,324.656591968856
