title,Predicted_result,rotten_rate,predicted_income
A,2,Top Hit,6777.761009737562
B,2,Top Hit,710.0809645330604
C,0,Flop,7478.914372070922
D,0,Flop,4720.642693277621
E,0,Flop,35036.549802583686
F,0,Flop,60437.590326283025
G,0,Flop,61625.582282254196
H,0,Flop,3474.3904766447295
I,2,Top Hit,655.068071833978
